image,site,batch,usable,ai_answer_overlay,ai_overlay_text,ai_scene_type,ai_through_glass,ai_tourist_infrastructure,ai_quality,ai_usable,ai_why,human_verdict,human_reason,human_verified_by,human_note
streetview/amsterdam_church/1036250735319845.jpg,amsterdam_church,3,True,False,,street,False,False,4.0,True,"Clear street-level view with pavement, water, and buildings.",keep,,,
streetview/amsterdam_church/1260527888917214.jpg,amsterdam_church,3,False,False,,vehicle_interior,True,False,3.0,False,Vehicle interior with wipers visible; not a street-level view.,exclude,train driver's view,,
streetview/amsterdam_church/1368496277351683.jpg,amsterdam_church,3,False,False,AZDOME GS63H OUT 5/09/2023 09:49:55 31.71KM/H N: 52.37650 E: 4.89758,street,True,False,4.0,True,Clear dashcam street view with readable signs and buildings.,exclude,coordinate,,
streetview/amsterdam_natura/1962295973949585.jpg,amsterdam_natura,3,True,False,,street,False,False,4.0,True,"Clear street scene with pavement, trees, building, and cyclist.",keep,,,
streetview/amsterdam_natura/516373416038884.jpg,amsterdam_natura,3,True,False,,street,False,False,4.0,True,"Clear street-level view, no overlaid text, plenty of context.",keep,,,
streetview/amsterdam_vondelpark/1064584962512996.jpg,amsterdam_vondelpark,3,True,False,,street,False,False,5.0,True,sharp street view with abundant building context,keep,,,
streetview/amsterdam_vondelpark/2912452038996684.jpg,amsterdam_vondelpark,3,True,False,,street,False,False,5.0,True,"Sharp, clear street scene with abundant architectural and traffic context.",keep,,,
streetview/amsterdam_vondelpark/957434962934789.jpg,amsterdam_vondelpark,3,True,False,,street,False,False,4.0,True,"Clear park path with cyclists, trees, and building.",keep,,,
streetview/athens_kotzia/190729989566458.jpg,athens_kotzia,3,True,False,,street,False,False,4.0,True,"Clear street view with shops and cars, no overlaid text.",keep,,,
streetview/athens_kotzia/3244351749125094.jpg,athens_kotzia,3,False,False,,street,False,False,1.0,False,Image is extremely blurry with no discernible landmarks,exclude,,,
streetview/athens_kotzia/966259277470391.jpg,athens_kotzia,3,False,False,,street,False,False,4.0,True,Clear street view with distinct signage and kiosk.,exclude,very little information,,
streetview/athens_monastiraki/473678163913259.jpg,athens_monastiraki,3,True,False,,street,False,False,4.0,True,Clear street view with shop signs and surroundings.,keep,,,
streetview/athens_monastiraki/761084217906557.jpg,athens_monastiraki,3,False,False,,street,False,False,4.0,True,"Clear street view with architecture and signage, no overlays.",exclude,,,
streetview/athens_monastiraki/828209511434939.jpg,athens_monastiraki,3,True,False,,street,False,False,4.0,True,"Clear storefront and street context, no overlaid text.",keep,,,
streetview/athens_national/1143667572727383.jpg,athens_national,3,True,False,,street,False,False,4.0,True,"Clear street view with vehicles, buildings, and tram tracks.",keep,,,
streetview/athens_national/307476464197773.jpg,athens_national,3,False,False,,street,False,False,4.0,True,"Clear road scene with natural surroundings, no obstructions.",exclude,very little information,,
streetview/athens_national/938884226879059.jpg,athens_national,3,False,False,,street,False,False,4.0,True,"Clear street path with lush greenery, no overlay",exclude,very little information,,
streetview/barcelona_born/130726912407135.jpg,barcelona_born,2,True,False,,street,False,,4.0,True,Clear outdoor view of building entrance with good lighting and detail.,keep,,,
streetview/barcelona_born/136747261993761.jpg,barcelona_born,2,False,False,,street,False,,4.0,True,Clear street view with shop signs and architecture,exclude,,,
streetview/barcelona_born/1541664506169183.jpg,barcelona_born,2,False,False,,street,False,,4.0,True,Clear street view with multiple contextual details,exclude,,,
streetview/barcelona_born/154292879972289.jpg,barcelona_born,2,True,False,,street,False,,4.0,True,"Clear street scene with buildings, signage, and people.",keep,,,
streetview/barcelona_born/1763429590484769.jpg,barcelona_born,2,True,False,,street,False,,4.0,True,"Clear street scene with buildings, shutters, and paving.",keep,,,
streetview/barcelona_born/2879680912360116.jpg,barcelona_born,2,True,False,,street,False,,4.0,True,Clear outdoor street view with architectural details and legible signage.,keep,,,
streetview/barcelona_born/2966530306917384.jpg,barcelona_born,2,True,False,,street,False,,4.0,True,"Clear street view with buildings, truck, and palm tree visible.",keep,,,
streetview/barcelona_born/469376974325113.jpg,barcelona_born,2,True,False,,street,False,,4.0,True,Clear street view with architectural details and vegetation.,keep,,,
streetview/barcelona_born/602722907563326.jpg,barcelona_born,2,True,False,,street,False,,4.0,True,Sharp street view with building details and shop signage.,keep,,,
streetview/barcelona_born/632625671313587.jpg,barcelona_born,2,True,False,,street,False,,4.0,True,Clear street scene with building signage and storefronts visible.,keep,,,
streetview/barcelona_born/891891641592034.jpg,barcelona_born,2,True,False,,street,False,,4.0,True,Clear outdoor street view with distinctive architecture and people,keep,,,
streetview/barcelona_fontana/169553275075263.jpg,barcelona_fontana,3,True,False,,street,False,False,4.0,True,"Clear street view with buildings, sidewalk, and pedestrians.",keep,,,
streetview/barcelona_fontana/903410113723266.jpg,barcelona_fontana,3,True,False,,street,False,False,5.0,True,"Clear street view with road signs, buildings, vehicle and storefronts.",keep,,,
streetview/barcelona_fontana/925897087984306.jpg,barcelona_fontana,3,True,False,,street,False,False,4.0,True,"No overlay, clear street view with good context.",keep,,,
streetview/barcelona_gracia/1069851416875071.jpg,barcelona_gracia,2,True,False,,street,False,,4.0,True,"No overlays, clear street scene with buildings, cars, and context.",keep,,,
streetview/barcelona_gracia/118053340582959.jpg,barcelona_gracia,2,False,False,,street,False,,4.0,True,"Night street scene with bins, sidewalk, and buildings visible.",exclude,,,
streetview/barcelona_gracia/130180989095863.jpg,barcelona_gracia,2,True,False,,street,False,,4.0,True,"Clear street view with visible signs and architecture, providing good geolocation clues.",keep,,,
streetview/barcelona_gracia/1503795656627110.jpg,barcelona_gracia,2,True,False,,street,False,,4.0,True,"clear street view, no overlay, good lighting",keep,,,
streetview/barcelona_gracia/152795696732644.jpg,barcelona_gracia,2,True,False,,street,False,,4.0,True,clear street scene with signage and architectural details,keep,,,
streetview/barcelona_gracia/1848704285297127.jpg,barcelona_gracia,2,False,False,,street,False,,4.0,True,Upside down street scene with clear signage and trees.,exclude,,,
streetview/barcelona_gracia/222539880092757.jpg,barcelona_gracia,2,False,False,,street,False,,2.0,True,Blurry night street view with parked cars and graffiti.,exclude,,,
streetview/barcelona_gracia/250464383903308.jpg,barcelona_gracia,2,False,False,,other,False,,0.0,False,Extremely blurry abstract image with no street context.,exclude,,,
streetview/barcelona_gracia/251335710105974.jpg,barcelona_gracia,2,False,False,,street,False,,3.0,True,"Upside-down street view with buildings and trees, usable despite darkness.",exclude,upside_down,human+ai,整张图上下颠倒。图片充足故直接排除；倒置会引入与上下文锚定无关的混淆
streetview/barcelona_gracia/482987852930523.jpg,barcelona_gracia,2,True,False,,street,False,,4.0,True,Clear street scene with signs and landmarks,keep,,,
streetview/barcelona_gracia/509339620193276.jpg,barcelona_gracia,2,True,False,,street,False,,4.0,True,"Clear street scene with street signs, no overlaid text, good quality for geolocation.",keep,,,
streetview/barcelona_gracia/822841841772046.jpg,barcelona_gracia,2,True,False,,street,False,,4.0,True,Clear street view with no overlays.,keep,,,
streetview/barcelona_lesseps/311229690351886.jpg,barcelona_lesseps,3,True,False,,street,False,False,4.0,True,Clear street view with buildings and shop signs,keep,,,
streetview/barcelona_lesseps/385781315930165.jpg,barcelona_lesseps,3,True,False,,street,False,False,4.0,True,Clear street view with architecture and signage visible.,keep,,,
streetview/barcelona_lesseps/959515401496753.jpg,barcelona_lesseps,3,False,False,,street,False,False,4.0,True,"Street scene with signs, buildings, cars; rotated but clear.",exclude,,,
streetview/barcelona_sants/1588925905601534.jpg,barcelona_sants,3,True,False,,street,False,False,4.0,True,"Clear street view with buildings, trees, and traffic.",keep,,,
streetview/barcelona_sants/319384572948975.jpg,barcelona_sants,3,True,False,,street,False,False,3.0,True,"No overlays, clear street/plaza view, but slightly blurry.",keep,,,
streetview/barcelona_sants/822762453806968.jpg,barcelona_sants,3,True,False,,street,False,False,4.0,True,"Clear street scene with bus, signage, and buildings.",keep,,,
streetview/berlin_alte/1050475080000534.jpg,berlin_alte,3,False,False,,street,False,False,4.0,True,Clear railway tracks and surrounding buildings provide ample context.,exclude,,,
streetview/berlin_alte/1348620445524301.jpg,berlin_alte,3,True,False,,street,False,False,4.0,True,Clear outdoor colonnade with classical architecture and pedestrians.,keep,,,
streetview/berlin_alte/520816485597299.jpg,berlin_alte,3,False,False,,street,False,False,2.0,True,"Blurry building facade and tracks, no overlaid text.",exclude,,,
streetview/berlin_jewish/151791386956100.jpg,berlin_jewish,3,True,False,,street,False,False,4.0,True,Sharp street view with clear context for geolocation.,keep,,,
streetview/berlin_jewish/314484880385575.jpg,berlin_jewish,3,True,False,,street,False,False,4.0,True,"Clear street view with vehicles, trees, and buildings.",keep,,,
streetview/berlin_st/1015346503380416.jpg,berlin_st,3,True,False,,street,False,False,5.0,True,Clear street view with bike lane and signs.,keep,,,
streetview/berlin_st/477577623572574.jpg,berlin_st,3,True,False,,street,False,False,4.0,True,Clear street view with no overlays and good context.,keep,,,
streetview/berlin_st/479461686629743.jpg,berlin_st,3,True,False,,street,True,False,3.0,True,"Blurry car-window view showing building, sign, and bicycle.",keep,,,
streetview/bogota_general/2911654482489566.jpg,bogota_general,3,True,False,,street,False,False,4.0,True,Clear street-level view with shopfront context.,keep,,,
streetview/bogota_national/3211043612444726.jpg,bogota_national,3,True,False,,street,False,False,4.0,True,"Clear street view with bridge, road, and graffiti context.",keep,,,
streetview/bogota_planetarium/290861145945085.jpg,bogota_planetarium,3,True,False,,street,False,False,4.0,True,"Clear street scene with buildings, signs, pedestrians, and road context.",keep,,,
streetview/bogota_planetarium/3254308641462822.jpg,bogota_planetarium,3,True,False,,street,False,False,4.0,True,"No overlaid text, clear street context with signs and buildings.",keep,,,
streetview/bogota_planetarium/3821181418008164.jpg,bogota_planetarium,3,True,False,,street,False,False,3.0,True,"Street scene with visible signs and buildings, no overlaid text.",keep,,,
streetview/boston_chinatown/1132720907192718.jpg,boston_chinatown,3,True,False,,street,False,False,4.0,True,Clear street-level view with sharp buildings and signage,keep,,,
streetview/boston_chinatown/1139899809822187.jpg,boston_chinatown,3,True,False,,vehicle_interior,True,False,4.0,False,Shot from inside vehicle with dashboard visible,keep,,,
streetview/boston_chinatown/150026060425536.jpg,boston_chinatown,3,True,False,,street,False,False,4.0,True,"Clear street scene, no overlay, lots of visual context.",keep,,,
streetview/boston_longfellow/1021417959677045.jpg,boston_longfellow,3,False,False,,street,False,False,4.0,True,"Clear street-level view with lamps, road, and city skyline.",exclude,,,
streetview/boston_longfellow/1281852735775744.jpg,boston_longfellow,3,True,False,,street,False,False,4.0,True,"Clear street view with bridge, road, and signage.",keep,,,
streetview/boston_longfellow/1473516979961618.jpg,boston_longfellow,3,True,False,,street,False,False,4.0,True,"Clear street scene with train, road, bike lane, and city skyline context.",keep,,,
streetview/boston_park/1328088438137398.jpg,boston_park,3,True,False,,street,False,False,4.0,True,Clear park path with no text overlay or glass,keep,,,
streetview/boston_park/320428059430656.jpg,boston_park,3,True,False,,street,False,False,4.0,True,Clear street view with buildings and signs,keep,,,
streetview/boston_park/367722097945156.jpg,boston_park,3,True,False,,street,False,False,4.0,True,"Clear street scene with buildings, signs, and road context.",keep,,,
streetview/budapest_batthyny/1024515582643671.jpg,budapest_batthyny,3,True,False,,street,False,False,3.0,True,"Street scene with readable storefront signs, no overlaid text.",keep,,,
streetview/budapest_batthyny/1026733506257431.jpg,budapest_batthyny,3,True,False,,street,False,False,4.0,True,"Parliament and river visible, foreground blurred but landmark clear.",keep,,,
streetview/budapest_batthyny/1173677500919569.jpg,budapest_batthyny,3,False,False,,street,False,False,4.0,True,"No overlay, clear street scene with building and sign context.",exclude,,,
streetview/budapest_museum/1062260027616833.jpg,budapest_museum,3,True,False,,street,True,False,4.0,True,"Clear street scene with traffic and signs, shot through windshield.",keep,,,
streetview/budapest_museum/2138556436542657.jpg,budapest_museum,3,False,False,,street,False,False,2.0,True,Blurry night street scene with buildings and lights.,exclude,,,
streetview/budapest_museum/992889411520599.jpg,budapest_museum,3,False,False,,street,False,False,4.0,True,"Clear street-level wall and door, no overlaid text.",exclude,,,
streetview/budapest_university/1035925578399762.jpg,budapest_university,3,True,False,,street,False,False,4.0,True,Clear street scene with shops and cars; no overlays.,keep,,,
streetview/budapest_university/1081666687139156.jpg,budapest_university,3,False,False,,street,False,False,2.0,True,"Blurred street scene with red SUV and buildings, still usable for context.",exclude,,,
streetview/budapest_university/129272929953107.jpg,budapest_university,3,True,False,,vehicle_interior,True,False,4.0,False,Scene is from inside a vehicle with dashboard visible.,keep,,,
streetview/cdmx_condesa/2930139557273574.jpg,cdmx_condesa,2,True,False,,street,False,,4.0,True,"Clear street view with cars, trees, and buildings.",keep,,,
streetview/cdmx_condesa/303707484528207.jpg,cdmx_condesa,2,True,False,,street,False,,4.0,True,"distinctive building, street layout, and unique trees provide clear context.",keep,,,
streetview/cdmx_condesa/829036801293483.jpg,cdmx_condesa,2,True,False,,street,False,,4.0,True,"Clear street view with cars, buildings, signage, and vegetation.",keep,,,
streetview/cdmx_roma/1142884273600133.jpg,cdmx_roma,2,True,False,,vehicle_interior,False,,4.0,False,Vehicle interior view with dashboard visible.,keep,,,
streetview/cdmx_roma/1263599267730043.jpg,cdmx_roma,2,True,False,,street,False,,4.0,True,"Clear street view with signs, vehicles, and context.",keep,,,
streetview/cdmx_roma/1414870038873478.jpg,cdmx_roma,2,True,False,,street,False,,4.0,True,Clear street scene with distinct vehicles and signage.,keep,,,
streetview/cdmx_roma/1629210250800861.jpg,cdmx_roma,2,False,False,,street,False,,4.0,True,legible street signs and street context,exclude,,,
streetview/cdmx_roma/181043770429835.jpg,cdmx_roma,2,True,False,,street,False,,4.0,True,"Clear street view with vehicles, trees, and signage.",keep,,,
streetview/cdmx_roma/1971177643281471.jpg,cdmx_roma,2,False,False,,street,False,,4.0,True,Clear street context with signage and buildings.,exclude,,,
streetview/cdmx_roma/224597872345737.jpg,cdmx_roma,2,False,False,,street,False,,2.0,True,"Blurry street scene with cars, trees, and buildings visible.",exclude,,,
streetview/cdmx_roma/226235372175315.jpg,cdmx_roma,2,True,False,,street,False,,4.0,True,"Clear street view with trees, cars, buildings, and signage",keep,,,
streetview/cdmx_roma/272596447880534.jpg,cdmx_roma,2,True,False,,street,False,,4.0,True,Clear street view with ample context.,keep,,,
streetview/cdmx_roma/298459351856028.jpg,cdmx_roma,2,True,False,,street,False,,4.0,True,"Clear street with vehicles, cyclists, and trees.",keep,,,
streetview/cdmx_roma/3812573995528964.jpg,cdmx_roma,2,True,False,,street,False,,4.0,True,Clear street view with good lighting and context.,keep,,,
streetview/cdmx_roma/759418481383850.jpg,cdmx_roma,2,True,False,,street,False,,4.0,True,"Clear street, readable vehicles, no overlay text.",keep,,,
streetview/copenhagen_castle/1140069433587404.jpg,copenhagen_castle,3,True,False,,street,False,False,4.0,True,Clear cobblestone street with historic yellow building and bench context.,keep,,,
streetview/copenhagen_castle/1678099915917307.jpg,copenhagen_castle,3,True,False,,street,False,False,4.0,True,Clear street-level view with ample architectural and water context.,keep,,,
streetview/copenhagen_castle/295997956442985.jpg,copenhagen_castle,3,True,False,,vehicle_interior,False,False,4.0,False,"Boat interior with canal view, no overlays, clear context.",keep,,,
streetview/copenhagen_det/1229542860808572.jpg,copenhagen_det,3,True,False,,street,False,False,5.0,True,"Sharp, clear, contextual outdoor scene",keep,,,
streetview/copenhagen_det/4029585117102461.jpg,copenhagen_det,3,True,False,,street,False,False,4.0,True,Clear street view with distinctive architecture and signage.,keep,,,
streetview/copenhagen_det/509032783588683.jpg,copenhagen_det,3,True,False,,street,False,False,4.0,True,"Outdoor path, no overlay, good context.",keep,,,
streetview/copenhagen_museum/1103000450178625.jpg,copenhagen_museum,3,True,False,,street,True,False,4.0,True,"Street view from inside a vehicle, clear and usable.",keep,,,
streetview/copenhagen_museum/1443578153073100.jpg,copenhagen_museum,3,True,False,,street,True,False,4.0,True,Clear street view with vehicle and signage; sun glare slightly reduces sharpness.,keep,,,
streetview/copenhagen_museum/164253728966649.jpg,copenhagen_museum,3,True,False,,street,False,False,4.0,True,"Clear street scene with signage and road markings, no overlay text.",keep,,,
streetview/delhi_holy/202951374759492.jpg,delhi_holy,3,True,False,,street,False,False,4.0,True,Clear street view with building signage and vehicles.,keep,,,
streetview/delhi_holy/483448862860254.jpg,delhi_holy,3,True,False,,street,False,False,3.0,True,"No overlay text, clear street scene with signs and car.",keep,,,
streetview/delhi_holy/880384989205695.jpg,delhi_holy,3,True,False,,street,False,False,4.0,True,"Clear street scene with signage and vehicles, no overlaid text.",keep,,,
streetview/delhi_national/1260106132920104.jpg,delhi_national,3,True,False,,street,True,False,4.0,True,"Clear street scene with dashcam overlay, no place names in overlay.",keep,,,
streetview/delhi_national/172129334780144.jpg,delhi_national,3,True,False,,street,True,False,4.0,True,"Street scene from car, dome landmark, no overlay text.",keep,,,
streetview/delhi_national/26954483950805742.jpg,delhi_national,3,True,False,DDPAI mola N3 Pro Front 2026-01-23 15:09:34 36.7km/h,street,True,False,4.0,True,Clear street view with readable signs and vehicles.,keep,,,
streetview/delhi_vijay/1233921318902536.jpg,delhi_vijay,3,True,False,DDPAI mola N3 Pro Front 2026-01-21 16:36:33 17.9km/h,street,True,False,4.0,True,Dashcam street view with timestamp overlay; no place names in overlay.,keep,,,
streetview/delhi_vijay/1485255096489604.jpg,delhi_vijay,3,True,False,,street,True,False,4.0,True,Clear street scene through dashcam glass; no place-naming overlay.,keep,,,
streetview/delhi_vijay/2193101494760759.jpg,delhi_vijay,3,True,False,DDPAI mola N3 Pro Front 2026-01-21 16:35:36 8.7km/h,street,False,False,4.0,True,Standard dashcam street view with adequate context.,keep,,,
streetview/edinburgh_dugald/1246019787240480.jpg,edinburgh_dugald,3,True,False,,street,False,False,5.0,True,Clear street-level view with sharp details and ample context.,keep,,,
streetview/edinburgh_dugald/311365897154599.jpg,edinburgh_dugald,3,True,False,,street,False,False,4.0,True,"Clear street view with road, building, and signage context.",keep,,,
streetview/edinburgh_dugald/517348153009605.jpg,edinburgh_dugald,3,True,False,,other,False,False,4.0,False,"Elevated high-vantage cityscape, not a street-level view.",keep,,,
streetview/edinburgh_greyfriars/2026854387467094.jpg,edinburgh_greyfriars,3,True,False,,street,False,False,4.0,True,"Clear street view with buildings, road, and sky.",keep,,,
streetview/edinburgh_greyfriars/218209422974090.jpg,edinburgh_greyfriars,3,True,False,,street,False,False,4.0,True,"Clear cobbled street, cars, buildings, and castle backdrop provide strong context.",keep,,,
streetview/edinburgh_greyfriars/7699225470154293.jpg,edinburgh_greyfriars,3,True,False,,street,False,False,4.0,True,"Street scene with clear buildings, road markings, and no overlay text.",keep,,,
streetview/edinburgh_museum/271753677984487.jpg,edinburgh_museum,3,True,False,,street,False,False,3.0,True,"Fog obscures distant context, but road markings and green wall provide clues.",keep,,,
streetview/edinburgh_museum/525762295112142.jpg,edinburgh_museum,3,True,False,,street,False,False,4.0,True,"Clear street view with road, fence, and building; no overlay text.",keep,,,
streetview/edinburgh_museum/730005887692629.jpg,edinburgh_museum,3,True,False,,street,False,False,4.0,True,"Street scene with clear signage, bridge, and distinct architecture.",keep,,,
streetview/hanoi_botanic/1034940767034025.jpg,hanoi_botanic,3,True,False,,street,False,False,4.0,True,"No overlaid text, clear street view with good context.",keep,,,
streetview/hanoi_botanic/2822470768069735.jpg,hanoi_botanic,3,True,False,,street,False,False,4.0,True,"Clear street view with trees, road, and fences.",keep,,,
streetview/hanoi_botanic/4273434689334287.jpg,hanoi_botanic,3,False,False,,street,False,False,4.0,True,"Clear park path with pond, trees, and lighting, no overlaid text.",exclude,,,
streetview/hanoi_college/1032004085228168.jpg,hanoi_college,3,True,False,,vehicle_interior,True,False,4.0,False,"Vehicle interior shot through glass, so not street type.",keep,,,
streetview/hanoi_college/1052460623538309.jpg,hanoi_college,3,True,False,,street,True,False,4.0,True,"Clear street view with signage, vehicle, and road context.",keep,,,
streetview/hanoi_college/1133896424780177.jpg,hanoi_college,3,True,False,,street,True,False,3.0,True,"Street scene through glass, glare, no overlaid text.",keep,,,
streetview/hanoi_well/1104374688335512.jpg,hanoi_well,3,True,False,,vehicle_interior,True,False,4.0,False,Vehicle interior with dashboard visible,keep,,,
streetview/hanoi_well/1390432642176100.jpg,hanoi_well,3,True,False,,vehicle_interior,True,False,3.0,False,Shot from vehicle interior with dashboard and reflections.,keep,,,
streetview/hanoi_well/1751010982521190.jpg,hanoi_well,3,False,False,,vehicle_interior,True,False,3.0,False,Shot from inside vehicle with dashboard visible and windshield glare.,exclude,,,
streetview/hongkong_fortress/4201294313514283.jpg,hongkong_fortress,3,True,False,,street,False,False,4.0,True,"No overlay text, clear street scene with ample signage and vehicles.",keep,,,
streetview/hongkong_fortress/484105032839269.jpg,hongkong_fortress,3,True,False,,street,True,False,4.0,True,Street view from car with clear visual cues.,keep,,,
streetview/hongkong_fortress/801743790724000.jpg,hongkong_fortress,3,True,False,,street,False,False,4.0,True,"Clear street view with buildings, signage, and road markings.",keep,,,
streetview/hongkong_sai/1892109930940437.jpg,hongkong_sai,3,False,False,,street,False,False,2.0,True,Blurry wall and buildings provide some context but no clear signage.,exclude,,,
streetview/hongkong_sai/3051252728424529.jpg,hongkong_sai,3,True,False,,vehicle_interior,True,False,4.0,False,Shot from inside a vehicle with dashboard visible,keep,,,
streetview/hongkong_sai/314955906669581.jpg,hongkong_sai,3,False,False,,street,False,False,3.0,True,"Blurry fisheye street view with building, tree, and fence context.",exclude,,,
streetview/hongkong_statue/152782060184154.jpg,hongkong_statue,3,False,False,,street,False,False,2.0,True,"Blurry street scene with road markings, overpass, and buildings.",exclude,,,
streetview/hongkong_statue/291420882589691.jpg,hongkong_statue,3,False,False,,street,False,False,5.0,True,"No overlay, clear street view with signs and context.",exclude,,,
streetview/hongkong_statue/478301073396612.jpg,hongkong_statue,3,True,False,,street,True,False,4.0,True,Clear street view with multiple buildings and signage.,keep,,,
streetview/lima_alejandro/473324287286295.jpg,lima_alejandro,3,True,False,,street,False,False,4.0,True,Clear street view with signage and architecture.,keep,,,
streetview/lima_alejandro/865769387818664.jpg,lima_alejandro,3,False,True,Peru Lima 2022/12/3 21:44:01 Author: Kaart Lat: -12.069888 S Lon: -77.025508 W,street,False,False,4.0,False,"Overlay text names Lima and gives coordinates, making it unusable.",exclude,answer_leak_gps_watermark,,水印含精确经纬度坐标，直接泄漏拍摄位置
streetview/lima_equestrian/1304289493477852.jpg,lima_equestrian,3,False,True,Peru Lima 2022/12/3 17:2:46.200000 Author: Koart Lat: -12.048629 S Lon: -77.025295 W,vehicle_interior,True,False,4.0,False,"Overlay names Lima, shot from car with dashboard.",exclude,answer_leak_gps_watermark,,水印含精确经纬度坐标，直接泄漏拍摄位置
streetview/lima_equestrian/160574666768339.jpg,lima_equestrian,3,False,True,Peru Lima 2022/12/3 14:52:03.800000 Author: Kaart Lat: -12.046024 S Lon: -77.025887 W,street,False,False,4.0,False,Overlay text names Lima and coordinates.,exclude,,,
streetview/lima_equestrian/842041836690620.jpg,lima_equestrian,3,True,False,,street,False,False,4.0,True,"Street view with clear vehicles and buildings, no overlay text.",keep,,,
streetview/lima_estadio/1231351144798127.jpg,lima_estadio,3,True,False,,street,False,False,4.0,True,"Street view with trees, road, and camera watermark.",keep,,,
streetview/lima_estadio/127288426707682.jpg,lima_estadio,3,True,False,,street,False,False,4.0,True,Clear street view with signage and metadata,keep,,,
streetview/lima_estadio/1389652628077033.jpg,lima_estadio,3,True,False,,street,False,False,4.0,True,Clear street view with distinctive building and vehicles.,keep,,,
streetview/lisbon_cais/1136617100083954.jpg,lisbon_cais,3,True,False,,vehicle_interior,True,False,4.0,False,Shot from inside a car with dashboard and reflections; not a street-level view.,keep,,,
streetview/lisbon_cais/1791686157672160.jpg,lisbon_cais,3,True,False,,street,True,False,4.0,True,"Street view with clear road, vehicle, buildings, and context.",keep,,,
streetview/lisbon_cais/1911745142313677.jpg,lisbon_cais,3,True,False,,street,False,False,4.0,True,"Clear street view with buildings, road, and pedestrians, no overlay text.",keep,,,
streetview/lisbon_edward/167520445213940.jpg,lisbon_edward,3,False,False,,street,False,False,0.0,False,"Extremely blurry image, no readable details for geolocation.",exclude,,,
streetview/lisbon_edward/806328096958216.jpg,lisbon_edward,3,True,False,,street,False,False,4.0,True,Clear street view with landmarks and signage.,keep,,,
streetview/lisbon_martim/1568835170174802.jpg,lisbon_martim,3,True,False,,street,False,False,5.0,True,"Clear street view with building, cobblestones, and side mirror.",keep,,,
streetview/lisbon_martim/2856142347994065.jpg,lisbon_martim,3,True,False,,street,False,False,4.0,True,Clear street view; no text overlay or glass obstruction.,keep,,,
streetview/lisbon_martim/503285432603219.jpg,lisbon_martim,3,True,False,,street,False,False,4.0,True,Clear street view with buildings and signage.,keep,,,
streetview/london_barbican/1361743458255077.jpg,london_barbican,3,False,False,,street,False,False,4.0,True,Clear outdoor street scene with ample context,exclude,,,
streetview/london_barbican/1909376969913407.jpg,london_barbican,3,False,False,,street,False,False,4.0,True,"Sharp street view with building, trees, road, and sidewalk context.",exclude,,,
streetview/london_barbican/239277707973166.jpg,london_barbican,3,True,False,,street,False,False,4.0,True,Clear street scene with legible road markings and signage.,keep,,,
streetview/london_covent/1320453508348883.jpg,london_covent,2,False,False,,street,False,,3.0,True,Usable due to visible street context despite low light blur.,exclude,,,
streetview/london_covent/148314444396252.jpg,london_covent,2,False,False,,street,False,,4.0,True,"Clear street scene, no overlaid text, good context.",exclude,,,
streetview/london_covent/199929678452956.jpg,london_covent,2,False,False,,street,False,,3.0,True,"Street scene with vehicles, buildings, and context visible.",exclude,,,
streetview/london_covent/2047973052781413.jpg,london_covent,2,True,False,,street,False,,4.0,True,"Clear pedestrian street with signs, buildings, and vehicles",keep,,,
streetview/london_covent/278035297155696.jpg,london_covent,2,False,False,,indoor,False,,4.0,False,"Scene is an indoor market, not a street view.",exclude,indoor,ai,室内市场（Covent Garden Market 确实是室内），非街景
streetview/london_covent/293884165716884.jpg,london_covent,2,True,False,,street,False,,4.0,True,Street level view with clear signage and context.,keep,,,
streetview/london_covent/309268903937337.jpg,london_covent,2,True,False,,street,False,,3.0,True,Blurry but clear street-level view with cars and pedestrians,keep,,,
streetview/london_covent/3194845750843739.jpg,london_covent,2,True,False,,street,False,,5.0,True,No overlay; clear street view with ample context.,keep,,,
streetview/london_covent/498399731282354.jpg,london_covent,2,True,False,,street,False,,4.0,True,"Clear street scene with signs, buses, and architecture.",keep,,,
streetview/london_covent/604523014318423.jpg,london_covent,2,False,False,,street,False,,5.0,True,"Sharp outdoor street view, clear architecture and signs.",exclude,,,
streetview/london_covent/839979716674074.jpg,london_covent,2,True,False,,street,False,,4.0,True,Sharp street view with clear buildings and signage.,keep,,,
streetview/london_covent/927061688028907.jpg,london_covent,2,True,False,,street,False,,4.0,True,"Clear street scene with buildings, cars, and pedestrians.",keep,,,
streetview/london_lambeth/142530148444305.jpg,london_lambeth,3,True,False,,street,False,False,4.0,True,"Clear street view with distinct architecture, paths, and sky context.",keep,,,
streetview/london_lambeth/636880698481673.jpg,london_lambeth,3,True,False,,street,False,False,4.0,True,"Clear street view with buildings, cyclist, and no overlay text.",keep,,,
streetview/london_lambeth/759613319189127.jpg,london_lambeth,3,True,False,,street,False,False,4.0,True,"Clear street view with building, trees, and fence signage.",keep,,,
streetview/london_nottinghill/1034221207185640.jpg,london_nottinghill,2,True,False,,street,False,,4.0,True,Clear street-level view with signs and landmarks.,keep,,,
streetview/london_nottinghill/1083111347497422.jpg,london_nottinghill,2,True,False,,street,False,,4.0,True,"Clear street scene with buildings, road markings, and pedestrians.",keep,,,
streetview/london_nottinghill/110620837739856.jpg,london_nottinghill,2,True,False,,street,False,,4.0,True,"Sharp, well-framed street view with ample context",keep,,,
streetview/london_nottinghill/1186650468445250.jpg,london_nottinghill,2,True,False,,street,False,,4.0,True,"No overlay, clean street view",keep,,,
streetview/london_nottinghill/1201383066959659.jpg,london_nottinghill,2,False,False,,street,False,,5.0,True,"Clear street view with sidewalk, cars, buildings, no overlaid text.",exclude,,,
streetview/london_nottinghill/1356712918963384.jpg,london_nottinghill,2,True,False,,street,True,,4.0,True,"Clear street context, no overlay, slight glass reflections",keep,,,
streetview/london_nottinghill/1381876649957562.jpg,london_nottinghill,2,True,False,,street,False,,4.0,True,Clear street view with buildings and pedestrians,keep,,,
streetview/london_nottinghill/1704987844120224.jpg,london_nottinghill,2,True,True,Uber,street,False,,4.0,False,Overlaid Uber app UI text present,keep,,,
streetview/london_nottinghill/234584418435391.jpg,london_nottinghill,2,True,False,,street,False,,4.0,True,Clear street view with buildings and signage context.,keep,,,
streetview/london_nottinghill/284304159945064.jpg,london_nottinghill,2,False,False,,street,False,,3.0,True,"Blurry street scene with crosswalk, cars, clock, and pillar.",exclude,,,
streetview/london_nottinghill/624022828867998.jpg,london_nottinghill,2,True,False,,street,False,,4.0,True,"Clear street perspective with buildings, traffic, and signage.",keep,,,
streetview/london_nottinghill/989992735014294.jpg,london_nottinghill,2,True,False,,street,False,,4.0,True,"Clear street view with buildings, cars, and pedestrians.",keep,,,
streetview/london_royal/1077474419441239.jpg,london_royal,3,True,False,,street,False,False,3.0,True,"Street scene with cars, buildings, and shop signs visible.",keep,,,
streetview/london_royal/270516208053057.jpg,london_royal,3,True,False,,street,False,False,4.0,True,"Clear street-level view with buses, road markings, and buildings.",keep,,,
streetview/london_shoreditch/1273258613068492.jpg,london_shoreditch,2,True,False,,street,False,,4.0,True,"Clear street view with buildings, construction, and signs.",keep,,,
streetview/london_shoreditch/1316206542109445.jpg,london_shoreditch,2,True,False,,street,False,,4.0,True,Clear street view with context,keep,,,
streetview/london_shoreditch/1443329486860111.jpg,london_shoreditch,2,True,False,,street,False,,4.0,True,Clear street scene with distinct building and signage.,keep,,,
streetview/london_shoreditch/1678278916214019.jpg,london_shoreditch,2,True,False,,street,False,,4.0,True,"Clear outdoor street view with building context, no overlay.",keep,,,
streetview/london_shoreditch/23944408755211244.jpg,london_shoreditch,2,True,False,,street,False,,5.0,True,"Clear, sharp street view with abundant visual cues.",keep,,,
streetview/london_shoreditch/2851736618371866.jpg,london_shoreditch,2,True,False,,street,False,,4.0,True,"Clear street scene, no overlays, sharp quality",keep,,,
streetview/london_shoreditch/429823259307532.jpg,london_shoreditch,2,True,False,,street,False,,5.0,True,"Sharp, clear street view with ample context for location.",keep,,,
streetview/london_shoreditch/507880687061537.jpg,london_shoreditch,2,False,False,,street,False,,3.0,True,"Clear street scene with cobbles and road markings, no overlaid text.",exclude,,,
streetview/london_shoreditch/569483341710936.jpg,london_shoreditch,2,True,False,,street,False,,4.0,True,Clear street view with contextual architectural landmarks and traffic signs.,keep,,,
streetview/london_shoreditch/826862204585691.jpg,london_shoreditch,2,False,False,,street,False,,4.0,True,"Clear street-level view of underpass, tracks, graffiti, and bridge.",exclude,,,
streetview/london_shoreditch/863517901549833.jpg,london_shoreditch,2,True,False,,street,False,,4.0,True,Clear street context with road markings and buildings,keep,,,
streetview/madrid_pacfico/2684562815277719.jpg,madrid_pacfico,3,True,False,,street,False,False,4.0,True,"Clear street view with buildings, cars, and signage",keep,,,
streetview/madrid_pacfico/269844732070070.jpg,madrid_pacfico,3,True,False,,street,False,False,4.0,True,"Clear daylight street view with road, greenery, and buildings.",keep,,,
streetview/madrid_pacfico/2900427936836692.jpg,madrid_pacfico,3,True,False,,street,True,False,2.0,True,"Blurry street view with buildings, signs, and vehicles visible.",keep,,,
streetview/madrid_pera/1302315038117585.jpg,madrid_pera,3,False,False,,street,False,False,2.0,True,heavily motion-blurred but red truck and buildings provide some context,exclude,,,
streetview/madrid_pera/1564752414619982.jpg,madrid_pera,3,True,False,,street,False,False,4.0,True,"Clear street view with buildings, signage, and plaza context.",keep,,,
streetview/madrid_pera/615644910711441.jpg,madrid_pera,3,True,False,,street,False,False,5.0,True,"Sharp street-level image with buildings, signage, and scooters providing context.",keep,,,
streetview/madrid_royal/1075342474035608.jpg,madrid_royal,3,True,False,,street,True,False,4.0,True,"Clear street view with vehicles, trees, and signage; minor windscreen glare.",keep,,,
streetview/madrid_royal/285574176618443.jpg,madrid_royal,3,True,False,,street,True,False,4.0,True,Street view with clear signage and road context.,keep,,,
streetview/madrid_royal/472763443829899.jpg,madrid_royal,3,True,False,,street,False,False,5.0,True,"Sharp street view with plenty of context, no overlays or glass.",keep,,,
streetview/marrakech_cervantes/303993634587610.jpg,marrakech_cervantes,3,True,False,,street,False,True,4.0,True,"Street scene with kiosk, signage, and clear context.",keep,,,
streetview/marrakech_cervantes/3047449648914095.jpg,marrakech_cervantes,3,True,False,,street,False,False,4.0,True,Clear street scene with distinct signage and no overlay text.,keep,,,
streetview/marrakech_cervantes/3985648311511085.jpg,marrakech_cervantes,3,True,False,,street,False,False,4.0,True,"Clear street view with buildings, vehicles, and tall palm trees.",keep,,,
streetview/marrakech_place/4129797463739521.jpg,marrakech_place,3,True,False,,vehicle_interior,True,False,3.0,False,"Shot from inside vehicle with visible dashboard, so not street scene.",keep,,,
streetview/marrakech_place/466577624683117.jpg,marrakech_place,3,True,False,,vehicle_interior,True,False,4.0,False,"Shot through windscreen with visible dashboard, so not street.",keep,,,
streetview/marrakech_place/522805075381362.jpg,marrakech_place,3,True,False,,street,False,False,4.0,True,"Clear street scene with buildings and archway, no overlays.",keep,,,
streetview/marrakech_royal/188085409831335.jpg,marrakech_royal,3,True,False,,street,False,False,5.0,True,"Clean outdoor scene, no overlay or glass, high quality context.",keep,,,
streetview/marrakech_royal/790519011592527.jpg,marrakech_royal,3,True,False,,street,False,False,4.0,True,"Clear street scene with buildings, cars, palm trees; no overlay.",keep,,,
streetview/marrakech_royal/842974609640575.jpg,marrakech_royal,3,True,False,,vehicle_interior,True,False,4.0,False,"Inside vehicle with dashboard visible, not street-level view.",keep,,,
streetview/mexicocity_balderas/1043193164301275.jpg,mexicocity_balderas,3,True,False,,street,False,False,4.0,True,"Clear street view with cars, trees, and building; no overlays.",keep,,,
streetview/mexicocity_balderas/292771763658243.jpg,mexicocity_balderas,3,True,False,,street,False,False,4.0,True,"Clear street view with signs, buses, and market stalls.",keep,,,
streetview/mexicocity_balderas/513623480074986.jpg,mexicocity_balderas,3,True,False,,street,False,False,4.0,True,"Clear street view with shops, cars, and trees.",keep,,,
streetview/mexicocity_centro/1072733779918081.jpg,mexicocity_centro,3,True,False,,street,True,False,4.0,True,"No overlay, clear street scene with billboards and traffic.",keep,,,
streetview/mexicocity_centro/122138176540482.jpg,mexicocity_centro,3,True,False,,street,False,False,4.0,True,Clear street scene with readable signage and vehicles.,keep,,,
streetview/mexicocity_insurgentes/1330704982001480.jpg,mexicocity_insurgentes,3,True,False,,street,False,False,4.0,True,"Street scene with bus, traffic, and sidewalk, no overlay.",keep,,,
streetview/mexicocity_insurgentes/2420909831421445.jpg,mexicocity_insurgentes,3,True,False,,street,False,False,4.0,True,"Clear street scene with bike lane, vehicles, and context.",keep,,,
streetview/mexicocity_insurgentes/468362940936532.jpg,mexicocity_insurgentes,3,False,False,,vehicle_interior,True,False,4.0,False,Visible dashboard and windshield reflections indicate vehicle interior.,exclude,,,
streetview/milan_milano/1886098621560040.jpg,milan_milano,3,True,False,,street,False,False,4.0,True,"No overlays, clear street view, good context.",keep,,,
streetview/milan_milano/319138119577090.jpg,milan_milano,3,True,False,,street,False,False,4.0,True,Clear street view with signage and context.,keep,,,
streetview/milan_milano/740287243313659.jpg,milan_milano,3,True,False,,street,False,False,4.0,True,"Clear street view with buildings, trees, and tram tracks.",keep,,,
streetview/milan_museo/111050937715393.jpg,milan_museo,3,True,False,,street,False,False,4.0,True,Clear street view with architecture and signage.,keep,,,
streetview/milan_museo/1215259665559983.jpg,milan_museo,3,True,False,,street,False,False,4.0,True,"Clear street view with pedestrians and architecture, no overlay or obstructions.",keep,,,
streetview/milan_museo/814989392708185.jpg,milan_museo,3,True,False,,street,False,False,4.0,True,"Clear street view with buildings, shops, and pedestrians.",keep,,,
streetview/milan_santa/1090410228149463.jpg,milan_santa,3,True,False,,street,False,False,5.0,True,"Street view with tram tracks and graffiti, no overlay text.",keep,,,
streetview/milan_santa/1613815278813587.jpg,milan_santa,3,True,False,,vehicle_interior,True,False,3.0,False,Shot from inside a vehicle with dashboard and reflections visible.,keep,,,
streetview/milan_santa/893841601173017.jpg,milan_santa,3,True,False,,street,False,False,4.0,True,"Clear street view with architecture, road, and fence providing context.",keep,,,
streetview/mumbai_bowen/1126921317814108.jpg,mumbai_bowen,3,True,False,,street,False,False,4.0,True,"Clear street view with monument, no overlay.",keep,,,
streetview/mumbai_bowen/677004926960040.jpg,mumbai_bowen,3,True,False,,street,False,False,4.0,True,"Clear street view with signage, trees, and taxi, good context.",keep,,,
streetview/mumbai_bowen/780921181296620.jpg,mumbai_bowen,3,True,False,,street,False,False,4.0,True,"Clear street scene with signs, vehicles, and pedestrians.",keep,,,
streetview/mumbai_girgaon/1049868982417886.jpg,mumbai_girgaon,3,True,False,,street,False,False,4.0,True,Residential street view with clear details.,keep,,,
streetview/mumbai_girgaon/179519417640409.jpg,mumbai_girgaon,3,True,False,,street,False,False,5.0,True,Clear street view with construction signs and building details.,keep,,,
streetview/mumbai_girgaon/847898699426446.jpg,mumbai_girgaon,3,True,False,,street,False,False,4.0,True,"Street scene with clear signage and context, no overlay text.",keep,,,
streetview/mumbai_mughal/1600057384157524.jpg,mumbai_mughal,3,True,False,,street,False,False,3.0,True,"Street view with cars, buildings, and pedestrians, clear enough for geolocation.",keep,,,
streetview/mumbai_mughal/1637641754264006.jpg,mumbai_mughal,3,True,False,,street,False,False,4.0,True,"Clear street view with trees, signage, vehicles, and distinctive gate.",keep,,,
streetview/mumbai_mughal/826852638180821.jpg,mumbai_mughal,3,True,False,,street,True,False,3.0,True,"Backlit street scene with clear police headquarters sign, though glare reduces detail.",keep,,,
streetview/newyork_amsterdam/1111036406086399.jpg,newyork_amsterdam,3,False,False,,vehicle_interior,True,False,2.0,False,"Shot from inside vehicle with dashboard visible, so not street scene.",exclude,,,
streetview/newyork_amsterdam/331698661791791.jpg,newyork_amsterdam,3,True,False,,street,False,False,4.0,True,Clear street-level view with buildings and signage,keep,,,
streetview/newyork_amsterdam/380111146499276.jpg,newyork_amsterdam,3,True,False,,street,False,True,4.0,True,Sightseeing buses and busy commercial street provide strong context.,keep,,,
streetview/newyork_morgan/239175184633906.jpg,newyork_morgan,3,True,False,,street,True,False,3.0,True,"Blurry street view with no overlaid text, still usable.",keep,,,
streetview/newyork_morgan/2513780398811018.jpg,newyork_morgan,3,True,False,,street,False,False,4.0,True,"Clear sidewalk with scaffolding, street signs, and building context.",keep,,,
streetview/newyork_morgan/302653044727351.jpg,newyork_morgan,3,True,False,,street,False,False,5.0,True,"Clear street signs and buildings, no overlay, excellent quality.",keep,,,
streetview/newyork_studio/121611859942675.jpg,newyork_studio,3,True,False,,street,False,False,4.0,True,"Clear street scene with business signs and vehicles, no overlays.",keep,,,
streetview/newyork_studio/3992440940877301.jpg,newyork_studio,3,True,False,,street,False,False,4.0,True,Clear street view with storefronts and signs.,keep,,,
streetview/newyork_studio/538936950611075.jpg,newyork_studio,3,False,False,,street,False,False,2.0,True,"Blurry street-level photo with building and car, but no overlaid text.",exclude,,,
streetview/nyc_soho/1299604690434756.jpg,nyc_soho,1,True,False,,street,True,False,4.0,True,"Clear street view with signs, buildings, and pedestrians for geolocation.",keep,,,
streetview/nyc_soho/461536428280752.jpg,nyc_soho,1,True,False,,vehicle_interior,True,False,3.0,False,"Dashboard visible, shot through windscreen, not a pedestrian street view.",keep,,,
streetview/nyc_soho/772774250092967.jpg,nyc_soho,1,True,False,,street,True,False,4.0,True,"Clear street view with ""VARICK ST"" sign and tall buildings, through glass.",keep,,,
streetview/paris_bastille/1187859108330595.jpg,paris_bastille,2,False,False,,street,False,,4.0,True,Clear street-level view with facade details,exclude,,,
streetview/paris_bastille/139466058122767.jpg,paris_bastille,2,False,False,,street,False,,4.0,True,"Motion blur but street context with cars, buildings, and traffic lights is visible.",exclude,,,
streetview/paris_bastille/1469157136857762.jpg,paris_bastille,2,True,False,,street,False,,4.0,True,"Clear street scene with buildings, trees, and signage for context.",keep,,,
streetview/paris_bastille/1507753387511422.jpg,paris_bastille,2,True,False,,street,False,,4.0,True,"Sharp, well framed, plenty of context",keep,,,
streetview/paris_bastille/1949446495213247.jpg,paris_bastille,2,False,False,,street,False,,3.0,True,Outdoor street-level facade with visible architectural details,exclude,,,
streetview/paris_bastille/284397859939140.jpg,paris_bastille,2,True,False,,street,False,,4.0,True,Clear street scene with buildings and signage.,keep,,,
streetview/paris_bastille/2856737871258348.jpg,paris_bastille,2,True,False,,street,False,,4.0,True,"Dark but clear context, monument and street visible.",keep,,,
streetview/paris_bastille/2952005955046920.jpg,paris_bastille,2,True,False,,street,False,,4.0,True,"Clear outdoor square with distinctive fountain and architecture, no overlays.",keep,,,
streetview/paris_bastille/942378723216572.jpg,paris_bastille,2,True,False,,street,False,,5.0,True,Sharp street view with clear context and no overlay text.,keep,,,
streetview/paris_bataclan/305970254588710.jpg,paris_bataclan,3,True,False,,street,False,False,4.0,True,"Clear street-level view with storefronts, signage, and building details.",keep,,,
streetview/paris_bataclan/5928250610602423.jpg,paris_bataclan,3,True,False,,street,False,False,4.0,True,Clear street view with signage and buildings,keep,,,
streetview/paris_bataclan/765436314717755.jpg,paris_bataclan,3,True,False,,street,False,False,4.0,True,"Clear street scene with bike lane, parked cars, and buildings.",keep,,,
streetview/paris_canal/1009838976918847.jpg,paris_canal,2,True,False,,street,False,,5.0,True,"Clear street scene, no overlays, plenty of contextual signage.",keep,,,
streetview/paris_canal/1023923568269784.jpg,paris_canal,2,True,False,,street,False,,4.0,True,Clear street view with vehicles and buildings,keep,,,
streetview/paris_canal/1145435579289428.jpg,paris_canal,2,True,False,,street,False,,4.0,True,"Clear street view with signs, buildings, and pedestrians.",keep,,,
streetview/paris_canal/176930450967578.jpg,paris_canal,2,True,False,,street,False,,4.0,True,Sharp street scene with visible signs and architecture.,keep,,,
streetview/paris_canal/239129431327638.jpg,paris_canal,2,True,False,,street,False,,4.0,True,Clear street view with rich architectural and signage context.,keep,,,
streetview/paris_canal/3001407836851183.jpg,paris_canal,2,True,False,,street,False,,4.0,True,"Clear street scene with good context, no overlay text.",keep,,,
streetview/paris_canal/315445873633011.jpg,paris_canal,2,False,False,,street,False,,4.0,True,clear street with vehicles and building,exclude,,,
streetview/paris_canal/419919749176154.jpg,paris_canal,2,True,False,,street,False,,4.0,True,"Clear street view with buildings, cars, and signs for context",keep,,,
streetview/paris_canal/473567507264855.jpg,paris_canal,2,False,False,,street,False,,4.0,True,"Clear street-level view, sharp image with rich visible context.",exclude,,,
streetview/paris_canal/505764010862864.jpg,paris_canal,2,True,False,,street,False,,4.0,True,"Timestamp overlay without place names, clear street view.",keep,,,
streetview/paris_canal/773008866692018.jpg,paris_canal,2,True,False,,street,False,,4.0,True,Clear street-level view with ample visual context.,keep,,,
streetview/paris_cite/1196878614068621.jpg,paris_cite,2,False,False,,street,False,,4.0,True,Outdoor street view with clear shop sign and reflections providing context.,exclude,,,
streetview/paris_cite/1216486339106603.jpg,paris_cite,2,True,False,,street,False,,4.0,True,"Clear daytime street view with distinct storefronts, signs, and vegetation.",keep,,,
streetview/paris_cite/168480418532254.jpg,paris_cite,2,False,False,,street,False,,4.0,True,Clear bus stop sign with street context,exclude,,,
streetview/paris_cite/170493908323160.jpg,paris_cite,2,True,False,,street,False,,4.0,True,clear riverside path with signage and buildings,keep,,,
streetview/paris_cite/263844712135158.jpg,paris_cite,2,True,False,,street,False,,5.0,True,"Clear street-level view of stone building, no overlays.",keep,,,
streetview/paris_cite/307747034332695.jpg,paris_cite,2,True,False,,street,False,,4.0,True,"Clear street view with wall, trees, and vehicle context.",keep,,,
streetview/paris_cite/315678367572590.jpg,paris_cite,2,True,False,,closeup,False,,4.0,False,"Close-up of a dome, no street context.",keep,,,
streetview/paris_cite/403023187346773.jpg,paris_cite,2,True,False,,street,False,,5.0,True,"Clear, well-lit street view of a historic courtyard building with detailed architecture.",keep,,,
streetview/paris_cite/977605529646184.jpg,paris_cite,2,True,False,,street,False,,5.0,True,Clear street view with distinctive classical architecture and context.,keep,,,
streetview/paris_gare/310409057147648.jpg,paris_gare,3,False,False,,indoor,False,False,4.0,False,"Indoor train station, not a street view.",exclude,,,
streetview/paris_gare/3360767610823943.jpg,paris_gare,3,True,False,,street,False,False,4.0,True,"Clear street view with signs, cars, and architecture.",keep,,,
streetview/paris_gare/488907572451324.jpg,paris_gare,3,True,False,,street,True,False,4.0,True,"Clear street scene with readable signs, though taken through glass. Usable for geolocation.",keep,,,
streetview/paris_marais/1759315017586456.jpg,paris_marais,1,True,False,,street,False,False,4.0,True,Clear street view with distinctive architecture and signage.,keep,,,
streetview/paris_marais/2563217207308101.jpg,paris_marais,1,False,False,,street,False,False,3.0,True,Blurry street view with clear buildings and road context.,exclude,,,
streetview/paris_marais/930262351158172.jpg,paris_marais,1,True,False,,street,False,False,4.0,True,Clear street view with distinctive buildings and shopfront.,keep,,,
streetview/paris_montmartre/1014776765929501.jpg,paris_montmartre,2,True,False,,street,False,,4.0,True,Clear street view with readable shop signs and building details.,keep,,,
streetview/paris_montmartre/1106733303616259.jpg,paris_montmartre,2,True,False,,street,False,,4.0,True,"Sharp street view, clear shops, no overlay.",keep,,,
streetview/paris_montmartre/1115449508932186.jpg,paris_montmartre,2,True,False,,street,False,,4.0,True,Clear street-level view with building details and cobblestones,keep,,,
streetview/paris_montmartre/1331069317526506.jpg,paris_montmartre,2,True,False,,street,False,,4.0,True,Sharp street view with clear signage and context.,keep,,,
streetview/paris_montmartre/193030535995664.jpg,paris_montmartre,2,True,False,,street,True,,4.0,True,"Clear street view with signs, vehicles, and buildings.",keep,,,
streetview/paris_montmartre/208735260783450.jpg,paris_montmartre,2,True,False,,street,False,,4.0,True,"Clear street view with stairs, buildings, and trees.",keep,,,
streetview/paris_montmartre/218887923379705.jpg,paris_montmartre,2,False,False,,street,False,,4.0,True,No overlay; clear street scene with shopfronts and cobblestones.,exclude,,,
streetview/paris_montmartre/2868979400083075.jpg,paris_montmartre,2,True,False,,street,False,,4.0,True,"Clear street-level shot with shop signs, architecture, and no overlaid text.",keep,,,
streetview/paris_montmartre/379217361770867.jpg,paris_montmartre,2,True,False,,street,False,,4.0,True,Clear street view with distinct architecture and signage,keep,,,
streetview/paris_montmartre/395369233492299.jpg,paris_montmartre,2,True,False,,street,False,,5.0,True,"Clear street scene, sharp details, no overlays or glass.",keep,,,
streetview/paris_montmartre/750872138873374.jpg,paris_montmartre,2,True,False,,street,True,,4.0,True,"Clear street view, glass reflections visible but minimal, good context.",keep,,,
streetview/paris_montmartre/974952229916342.jpg,paris_montmartre,2,True,False,,street,True,,4.0,True,"Clear street view with buildings, cars, and trees; usable for geolocation.",keep,,,
streetview/paris_pont/1118865175265595.jpg,paris_pont,3,False,False,,street,False,False,3.0,True,Blurry but clear street facade and pedestrians provide context.,exclude,,,
streetview/paris_pont/1507193596290469.jpg,paris_pont,3,True,False,,street,False,True,3.0,True,"Blurry but shows river, stalls, and trees.",keep,,,
streetview/paris_pont/468718847518691.jpg,paris_pont,3,True,False,,street,False,False,4.0,True,"Clear street scene with cobblestones, trees, car, and buildings.",keep,,,
streetview/sanfrancisco_cartoon/1111969150668527.jpg,sanfrancisco_cartoon,3,True,False,,street,False,False,4.0,True,"Clear street scene with signage, mural, and architecture.",keep,,,
streetview/sanfrancisco_cartoon/1136803037767562.jpg,sanfrancisco_cartoon,3,True,False,,street,False,False,4.0,True,Clear street-level view with readable signage and no overlays.,keep,,,
streetview/sanfrancisco_cartoon/1369582031123941.jpg,sanfrancisco_cartoon,3,True,False,,street,False,False,4.0,True,Clear street with many signs and landmarks,keep,,,
streetview/sanfrancisco_contemporary/1017722599492413.jpg,sanfrancisco_contemporary,3,True,False,,street,False,False,4.0,True,Sharp pedestrian street with clear buildings and signage cues.,keep,,,
streetview/sanfrancisco_contemporary/1150737816713723.jpg,sanfrancisco_contemporary,3,False,False,,street,False,False,4.0,True,"No overlay, clear street view with storefront signage.",exclude,,,
streetview/sanfrancisco_contemporary/273793782211733.jpg,sanfrancisco_contemporary,3,False,True,2023/09/15 14:01:27 W122.405892 N37.788344 NETWORKLAW,street,False,True,5.0,False,"Overlay contains timestamp and coordinates, making it unusable.",exclude,answer_leak_gps_watermark,,水印含精确经纬度坐标，直接泄漏拍摄位置
streetview/sanfrancisco_joseph/1239985766605212.jpg,sanfrancisco_joseph,3,True,False,,street,False,True,4.0,True,"Clear street view with signs, buildings, and pedestrians.",keep,,,
streetview/sanfrancisco_joseph/1567714271306208.jpg,sanfrancisco_joseph,3,True,False,,street,False,False,4.0,True,Clear street view with signage and landmarks visible.,keep,,,
streetview/sanfrancisco_joseph/312967110277030.jpg,sanfrancisco_joseph,3,True,False,,street,True,False,4.0,True,Clear street view with no overlay text or tourist markers.,keep,,,
streetview/santiago_baslica/1314398186601230.jpg,santiago_baslica,3,True,False,MIC OFF/NU BLACKVUE DR900S-1CH-UHD,street,True,False,5.0,True,"clear street view with shops and pedestrians, no overlay naming place",keep,,,
streetview/santiago_baslica/192853729354570.jpg,santiago_baslica,3,False,False,,street,False,False,4.0,True,"Clear street view, no overlay, good context.",exclude,,,
streetview/santiago_baslica/506893325703217.jpg,santiago_baslica,3,True,False,MIC OFF NO BLACKVUE DR900S-1CH-UHD,street,True,False,4.0,True,Overlay is dashcam info only; street scene is clear.,keep,,,
streetview/santiago_moneda/1384754382502755.jpg,santiago_moneda,3,True,False,MIC OFF/NO BLACKVUE DR900S-1CH-UHD,street,True,False,4.0,True,"Dashcam street view with clear buildings, signage, and road markings.",keep,,,
streetview/santiago_moneda/514812964919550.jpg,santiago_moneda,3,True,False,MIC OFF/NU BLACKVUE DR900S-1CH/UHD,street,False,False,4.0,True,"Clear street scene with cars, buildings, and no overlay place names.",keep,,,
streetview/santiago_moneda/535777550750774.jpg,santiago_moneda,3,True,False,,street,False,False,4.0,True,Clear street-level view with bus stop signage and context.,keep,,,
streetview/santiago_plaza/1300683267634353.jpg,santiago_plaza,3,True,True,MIC OFF/NU BLACKVUE DR900S-1CH-UHD,street,False,False,4.0,False,Dashcam watermark overlays bottom of frame.,keep,,,
streetview/santiago_plaza/835644397309772.jpg,santiago_plaza,3,False,False,,street,False,False,4.0,True,Clear street view with building and sidewalk context.,exclude,,,
streetview/santiago_plaza/8421271167978129.jpg,santiago_plaza,3,True,False,MIC OFF/NU BLACKVUE DR900S-1CH/UHD,street,False,False,4.0,True,No place-naming overlay; clear street view.,keep,,,
streetview/sf_hayes/1173369133091911.jpg,sf_hayes,2,True,False,,street,True,,3.0,True,"Glare and reflections, but street signs and utility poles offer context.",keep,,,
streetview/sf_hayes/1215633930329058.jpg,sf_hayes,2,True,False,,street,False,,4.0,True,Clear daytime street view with signage and landmarks visible.,keep,,,
streetview/sf_hayes/1297251655514336.jpg,sf_hayes,2,True,False,,street,False,,4.0,True,"Clear street view with signs, crosswalk, and building context.",keep,,,
streetview/sf_hayes/1323559606037222.jpg,sf_hayes,2,True,False,,street,False,,4.0,True,Clear street view with ample signage and landmarks.,keep,,,
streetview/sf_hayes/1479301759773061.jpg,sf_hayes,2,True,False,,street,False,,4.0,True,"Sharp daytime street with cars, signs, and trees.",keep,,,
streetview/sf_hayes/161628345833303.jpg,sf_hayes,2,True,False,,street,True,,4.0,True,"Clear street view with traffic and buildings, but shot through glass.",keep,,,
streetview/sf_hayes/1751515581904682.jpg,sf_hayes,2,False,False,,street,False,,3.0,True,Blurry but clear street context with buildings and traffic.,exclude,,,
streetview/sf_hayes/1767064727312127.jpg,sf_hayes,2,False,False,,street,True,,3.0,True,"Night street view through windshield, no overlay text, usable context.",exclude,,,
streetview/sf_hayes/1839500240315647.jpg,sf_hayes,2,True,False,,street,False,,4.0,True,"Clear street view with vehicles, signs, and building context.",keep,,,
streetview/sf_hayes/480031749719560.jpg,sf_hayes,2,True,False,,street,False,,4.0,True,"Clear street scene with visible signage, buildings, and cars.",keep,,,
streetview/sf_hayes/618367926232370.jpg,sf_hayes,2,True,False,,street,False,,4.0,True,Clear street view with identifiable landmarks and signage.,keep,,,
streetview/sf_hayes/855557885317888.jpg,sf_hayes,2,True,False,,street,False,,4.0,True,"Clear street-level view with buildings, cars, and signage",keep,,,
streetview/sf_mission/168637331826816.jpg,sf_mission,2,True,False,,street,False,,4.0,True,Clear sunny street scene with many visual cues.,keep,,,
streetview/sf_mission/1875110242645334.jpg,sf_mission,2,True,False,,street,False,,4.0,True,Clear street scene with signs and parked cars.,keep,,,
streetview/sf_mission/219857626239004.jpg,sf_mission,2,True,False,,street,False,,4.0,True,"Clear street view with buildings, cars, and sky; no overlay.",keep,,,
streetview/sf_mission/294558805515820.jpg,sf_mission,2,True,False,,street,False,,4.0,True,"Clear street view with vehicles, buildings, and road visible.",keep,,,
streetview/sf_mission/325596142293795.jpg,sf_mission,2,True,False,,street,False,,4.0,True,"Clear street view with buildings, trees, and vehicles.",keep,,,
streetview/sf_mission/462036088202578.jpg,sf_mission,2,True,False,,street,False,,4.0,True,"Clear street view with buildings, signs, and no overlays.",keep,,,
streetview/sf_mission/538998377114668.jpg,sf_mission,2,True,False,,street,False,,4.0,True,Clear street view with cars and trees,keep,,,
streetview/sf_mission/724663031544310.jpg,sf_mission,2,True,False,,street,False,,4.0,True,"Clear street view, no overlays, good context.",keep,,,
streetview/sf_mission/835924820674485.jpg,sf_mission,2,True,False,,street,True,,5.0,True,"Street view with buildings, cars, and signage.",keep,,,
streetview/sf_northbeach/1053403232740619.jpg,sf_northbeach,2,False,False,2023/09/24 17:41:19 W122.408317 N37.79901 NETWORKLANMAN,street,False,,4.0,True,"Overlay is coordinates, not a place name; clear street context.",exclude,,,
streetview/sf_northbeach/1080470022364146.jpg,sf_northbeach,2,True,False,,street,False,,4.0,True,"Clear street scene with no overlay, good context and quality.",keep,,,
streetview/sf_northbeach/1086434636893942.jpg,sf_northbeach,2,True,False,,street,False,,4.0,True,Clear street scene with landmarks and signs.,keep,,,
streetview/sf_northbeach/1130053204170558.jpg,sf_northbeach,2,True,False,,street,True,,4.0,True,Clear street context with signs and buildings visible.,keep,,,
streetview/sf_northbeach/1174138166560690.jpg,sf_northbeach,2,True,False,2022/12/02 12:13:54 W122.409928 N37.79748 NETWORKLANMAN,street,False,,4.0,True,"Clear street view, sharp, legitimate visual cues, no glass.",keep,,,
streetview/sf_northbeach/1186438301796102.jpg,sf_northbeach,2,True,False,,street,False,,4.0,True,"Clear street view with signs, buildings, and road markings.",keep,,,
streetview/sf_northbeach/130837356404481.jpg,sf_northbeach,2,True,False,,street,False,,5.0,True,Clear street view with many readable signs.,keep,,,
streetview/sf_northbeach/1410982679769388.jpg,sf_northbeach,2,False,True,2023/09/24 17:42:20 W 122.407096 N37.79813 NETWORKLANMAN,street,False,,3.0,False,Overlay contains GPS coordinates and watermark.,exclude,answer_leak,human+ai,行车记录仪水印印着 GPS: 2023/09/24 17:42:20 W122.407096 N37.79813 NETWORKLANMAN（人工开图核实）
streetview/sf_northbeach/1420100645184068.jpg,sf_northbeach,2,True,False,,street,False,,4.0,True,Clear outdoor street view with buildings and signage,keep,,,
streetview/sf_northbeach/217757546446694.jpg,sf_northbeach,2,True,False,,street,True,,4.0,True,"Clear street view, sharp, with visible signage and landmarks.",keep,,,
streetview/sf_northbeach/247808637657416.jpg,sf_northbeach,2,False,True,2023/04/01 18:46:57 W122.408333 N37.79767 NETWORKLANMAN,street,False,,4.0,False,overlay text present,exclude,answer_leak,ai,行车记录仪水印，同一相机同一类型
streetview/sf_northbeach/364620898289210.jpg,sf_northbeach,2,True,False,,street,False,,4.0,True,"Clear street view with road, building, and car; no overlaid text.",keep,,,
streetview/singapore_asian/483028582815745.jpg,singapore_asian,3,True,False,,street,False,False,4.0,True,"Clear street view with landscaping, road, and buildings",keep,,,
streetview/singapore_asian/497852357933724.jpg,singapore_asian,3,False,False,,indoor,False,False,2.0,False,"Indoor polished lobby, not an outdoor street-level view.",exclude,,,
streetview/singapore_asian/854660935117729.jpg,singapore_asian,3,False,False,,street,False,False,3.0,True,"Street-level construction scene with trees and lamp post, usable but blurry.",exclude,,,
streetview/singapore_national/1172910350469866.jpg,singapore_national,3,True,False,,street,False,False,4.0,True,Clear street view with building sign and car park sign.,keep,,,
streetview/singapore_national/1525470909159067.jpg,singapore_national,3,True,False,,street,False,False,4.0,True,Street-level view with clear shop and association signs.,keep,,,
streetview/singapore_national/514402199740692.jpg,singapore_national,3,True,False,,street,False,False,4.0,True,Clear street view with buildings and road markings.,keep,,,
streetview/singapore_somerset/135354408618343.jpg,singapore_somerset,3,True,False,,street,False,False,4.0,True,"Clear street scene with shops, road markings, and pedestrians.",keep,,,
streetview/singapore_somerset/256357732946529.jpg,singapore_somerset,3,True,False,,street,False,False,4.0,True,Clear street-level view with abundant architectural and signage context.,keep,,,
streetview/singapore_somerset/488815302365774.jpg,singapore_somerset,3,True,False,,vehicle_interior,True,False,4.0,False,Dashboard visible in frame; shot through windscreen.,keep,,,
streetview/stockholm_grdet/1231418407272679.jpg,stockholm_grdet,3,True,False,,street,False,False,4.0,True,"Clear street scene with buildings, parked cars, and signage.",keep,,,
streetview/stockholm_grdet/1532637178153277.jpg,stockholm_grdet,3,False,False,,street,False,False,4.0,True,"Outdoor grassy clearing, sharp, no overlay text.",exclude,,,
streetview/stockholm_grdet/882084572370597.jpg,stockholm_grdet,3,True,False,,street,False,False,4.0,True,"Clear street view with buildings, cars, and trees.",keep,,,
streetview/stockholm_karlaplan/1438512013148525.jpg,stockholm_karlaplan,3,True,False,,street,False,False,4.0,True,Clear street view with no overlaid text or glass reflections.,keep,,,
streetview/stockholm_karlaplan/171864351499237.jpg,stockholm_karlaplan,3,True,False,,street,False,False,4.0,True,"Clear street, buildings, trees, and signs provide context.",keep,,,
streetview/stockholm_karlaplan/779569449389002.jpg,stockholm_karlaplan,3,True,False,,street,False,False,4.0,True,Clear street view with building signs and no overlays.,keep,,,
streetview/stockholm_st/309597307206092.jpg,stockholm_st,3,False,False,,street,False,False,3.0,True,"Blurry tunnel view with road markings, lights, and cars.",exclude,,,
streetview/stockholm_st/315910400158119.jpg,stockholm_st,3,False,False,,street,True,False,3.0,True,"Blurry tunnel view with lane markings and car ahead, usable context.",exclude,,,
streetview/stockholm_st/842284246369672.jpg,stockholm_st,3,True,False,,street,False,False,4.0,True,Clear street view with signs and buildings,keep,,,
streetview/telaviv_dizengoff/2860417890887051.jpg,telaviv_dizengoff,3,True,False,,street,False,False,4.0,True,"Clear street view with signs, buildings, and vehicles.",keep,,,
streetview/telaviv_dizengoff/286682779793668.jpg,telaviv_dizengoff,3,True,False,,street,False,False,4.0,True,Clear street scene with ample context.,keep,,,
streetview/telaviv_dizengoff/3923503734413150.jpg,telaviv_dizengoff,3,True,False,,street,False,False,4.0,True,"Clear street view, no overlay text, scenic context.",keep,,,
streetview/telaviv_habima/2103072806501383.jpg,telaviv_habima,3,True,False,,street,False,False,4.0,True,"Clear street scene with signs, cars, buildings, and pedestrian context.",keep,,,
streetview/telaviv_habima/2855077261447352.jpg,telaviv_habima,3,True,False,,street,False,False,3.0,True,"Street scene with clear signs and buildings, usable for geolocation.",keep,,,
streetview/telaviv_habima/328468981955090.jpg,telaviv_habima,3,True,False,,street,False,False,4.0,True,Clear street-level view with context but no overlaid text.,keep,,,
streetview/telaviv_nahum/3641710285933359.jpg,telaviv_nahum,3,True,False,,street,False,False,3.0,True,"Street view with restaurant sign RACHA, car in foreground.",keep,,,
streetview/telaviv_nahum/750255169610953.jpg,telaviv_nahum,3,True,False,,street,False,False,4.0,True,"Clear street-level view with buildings, graffiti, and no overlays.",keep,,,
streetview/tokyo_artizon/149570687118182.jpg,tokyo_artizon,3,True,False,,street,False,False,4.0,True,"Clear street view with buildings and road markings, no overlaid text.",keep,,,
streetview/tokyo_artizon/226672248791862.jpg,tokyo_artizon,3,True,False,,street,False,False,4.0,True,"Clear street scene with visible signage, no overlaid text.",keep,,,
streetview/tokyo_artizon/376832216865421.jpg,tokyo_artizon,3,True,False,,street,False,False,5.0,True,"Clean street view with visible signs, buildings, and road markings.",keep,,,
streetview/tokyo_ginza/1117022209836139.jpg,tokyo_ginza,3,True,False,,street,False,False,4.0,True,Clear street view with sharp details and landmarks,keep,,,
streetview/tokyo_ginza/235341308265360.jpg,tokyo_ginza,3,True,False,,street,False,False,5.0,True,"Clear, sharp street view with abundant signage and building context.",keep,,,
streetview/tokyo_ginza/487239166034705.jpg,tokyo_ginza,3,False,False,,street,False,False,3.0,True,"Sidewalk with bicycles and storefronts, no overlay text.",exclude,,,
streetview/tokyo_national/1061372557723439.jpg,tokyo_national,3,True,False,,street,False,False,4.0,True,"Clear pedestrian ramp with tactile paving, railings, and strong context.",keep,,,
streetview/tokyo_national/1110364610210828.jpg,tokyo_national,3,True,False,,street,False,False,4.0,True,"Clear street-level view with buildings, road, and no overlays.",keep,,,
streetview/tokyo_national/576448407618323.jpg,tokyo_national,3,True,False,,street,False,False,4.0,True,Clear outdoor view with distinctive architecture and foliage.,keep,,,
streetview/tokyo_shibuya/1058919448101518.jpg,tokyo_shibuya,1,True,False,,street,False,False,4.0,True,"No overlay, clear street scene with legible signs.",keep,,,
streetview/tokyo_shibuya/1082357509554620.jpg,tokyo_shibuya,1,True,False,,street,False,False,5.0,True,"Clear daytime street view with visible road, barriers, and buildings.",keep,,,
streetview/tokyo_shibuya/1183435175413354.jpg,tokyo_shibuya,1,True,False,,street,False,False,4.0,True,Clear street scene with distinctive signage and vehicles.,keep,,,
streetview/tokyo_shibuya/315897687388062.jpg,tokyo_shibuya,1,False,False,,street,False,False,5.0,True,Clear street view of Shibuya Station with visible signage.,exclude,,,
streetview/tokyo_shibuya/3218038145179960.jpg,tokyo_shibuya,1,True,False,,street,False,False,4.0,True,"Street-level scene with clear buildings, walkway, and pedestrians.",keep,,,
streetview/tokyo_shimokita/1001100857490121.jpg,tokyo_shimokita,2,True,False,,street,False,,5.0,True,Sharp street view with ample contextual signage and landmarks.,keep,,,
streetview/tokyo_shimokita/1004074026845811.jpg,tokyo_shimokita,2,True,False,,street,False,,5.0,True,Clear street view with sharp details and many visible signs,keep,,,
streetview/tokyo_shimokita/172037001741399.jpg,tokyo_shimokita,2,True,False,,street,False,,4.0,True,"Clear street view, distinct hedges and building.",keep,,,
streetview/tokyo_shimokita/2044292042405765.jpg,tokyo_shimokita,2,True,False,,street,False,,5.0,True,Clear street view with no overlaid text,keep,,,
streetview/tokyo_shimokita/3286771664882905.jpg,tokyo_shimokita,2,False,False,,street,False,,2.0,True,"Blurry street view with buildings, trees, and crosswalk visible.",exclude,,,
streetview/tokyo_shimokita/778611217258082.jpg,tokyo_shimokita,2,True,False,,street,False,,5.0,True,Clear outdoor street view with buildings and people,keep,,,
streetview/tokyo_shimokita/792948998016340.jpg,tokyo_shimokita,2,False,False,,street,False,,4.0,True,Clear outdoor pedestrian walkway with ample architectural context.,exclude,,,
streetview/tokyo_yanaka/1143186826160008.jpg,tokyo_yanaka,2,False,False,,street,False,,3.0,True,"Clear street-level storefront with signs, no overlay text.",exclude,,,
streetview/tokyo_yanaka/2680706958887071.jpg,tokyo_yanaka,2,True,False,,street,False,,4.0,True,Clear street view with signs and road markings.,keep,,,
streetview/tokyo_yanaka/304127134573078.jpg,tokyo_yanaka,2,False,False,,street,False,,4.0,True,"Clear street scene with cars, crosswalk, and buildings.",exclude,,,
streetview/tokyo_yanaka/312122396958738.jpg,tokyo_yanaka,2,True,False,,street,False,,5.0,True,Clear street scene with visible signage and architecture.,keep,,,
streetview/tokyo_yanaka/522221968792023.jpg,tokyo_yanaka,2,True,False,,street,False,,4.0,True,Clear outdoor street scene with many visual cues.,keep,,,
streetview/toronto_rosedale/1116676912143333.jpg,toronto_rosedale,3,True,False,,vehicle_interior,True,False,4.0,False,Scene type is vehicle_interior due to visible dashboard.,keep,,,
streetview/toronto_rosedale/140385058059418.jpg,toronto_rosedale,3,True,False,,street,False,False,4.0,True,Clear street view with signage and landmarks.,keep,,,
streetview/toronto_rosedale/1462869980982210.jpg,toronto_rosedale,3,False,False,,other,False,False,3.0,False,"Railway underpass, not a street; motion blur reduces quality.",exclude,,,
streetview/toronto_sherbourne/2587472178223330.jpg,toronto_sherbourne,3,True,False,,street,False,False,4.0,True,"Clear street view with trees, signs, and buildings.",keep,,,
streetview/toronto_sherbourne/309461187311494.jpg,toronto_sherbourne,3,True,False,,street,False,False,4.0,True,"Clear street view with snow, buildings, and traffic signals.",keep,,,
streetview/toronto_sherbourne/983327439080039.jpg,toronto_sherbourne,3,True,False,,street,False,False,4.0,True,"Clear street view with road, bridge, and buildings",keep,,,
streetview/toronto_tmu/456484848976256.jpg,toronto_tmu,3,True,False,,street,False,False,4.0,True,No overlay; clear street view with recognizable buildings and vehicles.,keep,,,
streetview/toronto_tmu/5252625761474181.jpg,toronto_tmu,3,True,False,,street,False,False,5.0,True,"Clear, sharp street view with distinct architecture and signage.",keep,,,
streetview/toronto_tmu/811654299784044.jpg,toronto_tmu,3,True,False,,vehicle_interior,True,False,4.0,False,"Shot through windshield with dashboard visible, not a street scene.",keep,,,
streetview/vienna_heldenplatz/1141914224125814.jpg,vienna_heldenplatz,3,True,False,,street,False,False,4.0,True,Clear street view with architecture and vehicles.,keep,,,
streetview/vienna_heldenplatz/1495462718192185.jpg,vienna_heldenplatz,3,True,False,,street,False,False,4.0,True,"Wide pathway with trees, buildings, sky; no overlaid text, clear scene.",keep,,,
streetview/vienna_heldenplatz/744359329572059.jpg,vienna_heldenplatz,3,True,False,,street,False,False,4.0,True,Clear outdoor park path with trees and benches.,keep,,,
streetview/vienna_naschmarkt/1042544050927713.jpg,vienna_naschmarkt,3,True,False,,street,False,False,5.0,True,"Sharp street view with clear buildings and signage, no overlay.",keep,,,
streetview/vienna_naschmarkt/1518581645467745.jpg,vienna_naschmarkt,3,True,False,,street,False,False,4.0,True,"Clear street scene with construction context, good lighting and detail.",keep,,,
streetview/vienna_naschmarkt/296978598622319.jpg,vienna_naschmarkt,3,True,False,,street,False,False,4.0,True,"Clear street scene with buildings, signs, and a crosswalk.",keep,,,
streetview/vienna_university/1043639560013632.jpg,vienna_university,3,True,False,,street,False,False,4.0,True,"Clear street view with vehicles, buildings, and trees.",keep,,,
streetview/vienna_university/1055581876359490.jpg,vienna_university,3,True,False,,street,True,False,4.0,True,"Glass doors with reflections, clear street context and visible signage.",keep,,,
streetview/vienna_university/1139230540503969.jpg,vienna_university,3,True,False,,street,False,False,4.0,True,"Clear street scene with road, buildings, signs, and traffic.",keep,,,
