site,image_id,path
amsterdam_church,1036250735319845,streetview/amsterdam_church/1036250735319845.jpg
amsterdam_natura,516373416038884,streetview/amsterdam_natura/516373416038884.jpg
amsterdam_vondelpark,2912452038996684,streetview/amsterdam_vondelpark/2912452038996684.jpg
athens_kotzia,190729989566458,streetview/athens_kotzia/190729989566458.jpg
athens_monastiraki,828209511434939,streetview/athens_monastiraki/828209511434939.jpg
athens_national,1143667572727383,streetview/athens_national/1143667572727383.jpg
barcelona_born,130726912407135,streetview/barcelona_born/130726912407135.jpg
barcelona_born,154292879972289,streetview/barcelona_born/154292879972289.jpg
barcelona_born,632625671313587,streetview/barcelona_born/632625671313587.jpg
barcelona_fontana,169553275075263,streetview/barcelona_fontana/169553275075263.jpg
barcelona_fontana,903410113723266,streetview/barcelona_fontana/903410113723266.jpg
barcelona_gracia,130180989095863,streetview/barcelona_gracia/130180989095863.jpg
barcelona_gracia,251335710105974,streetview/barcelona_gracia/251335710105974.jpg
barcelona_gracia,509339620193276,streetview/barcelona_gracia/509339620193276.jpg
barcelona_lesseps,385781315930165,streetview/barcelona_lesseps/385781315930165.jpg
barcelona_sants,822762453806968,streetview/barcelona_sants/822762453806968.jpg
berlin_alte,1348620445524301,streetview/berlin_alte/1348620445524301.jpg
berlin_jewish,314484880385575,streetview/berlin_jewish/314484880385575.jpg
berlin_st,477577623572574,streetview/berlin_st/477577623572574.jpg
bogota_general,2911654482489566,streetview/bogota_general/2911654482489566.jpg
bogota_national,3211043612444726,streetview/bogota_national/3211043612444726.jpg
bogota_planetarium,3821181418008164,streetview/bogota_planetarium/3821181418008164.jpg
boston_chinatown,1132720907192718,streetview/boston_chinatown/1132720907192718.jpg
boston_longfellow,1473516979961618,streetview/boston_longfellow/1473516979961618.jpg
boston_park,1328088438137398,streetview/boston_park/1328088438137398.jpg
boston_park,367722097945156,streetview/boston_park/367722097945156.jpg
budapest_batthyny,1024515582643671,streetview/budapest_batthyny/1024515582643671.jpg
budapest_museum,1062260027616833,streetview/budapest_museum/1062260027616833.jpg
budapest_university,1035925578399762,streetview/budapest_university/1035925578399762.jpg
cdmx_condesa,2930139557273574,streetview/cdmx_condesa/2930139557273574.jpg
cdmx_condesa,303707484528207,streetview/cdmx_condesa/303707484528207.jpg
cdmx_condesa,829036801293483,streetview/cdmx_condesa/829036801293483.jpg
cdmx_roma,1263599267730043,streetview/cdmx_roma/1263599267730043.jpg
cdmx_roma,272596447880534,streetview/cdmx_roma/272596447880534.jpg
cdmx_roma,3812573995528964,streetview/cdmx_roma/3812573995528964.jpg
copenhagen_castle,1140069433587404,streetview/copenhagen_castle/1140069433587404.jpg
copenhagen_det,4029585117102461,streetview/copenhagen_det/4029585117102461.jpg
copenhagen_museum,1103000450178625,streetview/copenhagen_museum/1103000450178625.jpg
delhi_holy,880384989205695,streetview/delhi_holy/880384989205695.jpg
delhi_national,172129334780144,streetview/delhi_national/172129334780144.jpg
delhi_vijay,1485255096489604,streetview/delhi_vijay/1485255096489604.jpg
edinburgh_dugald,1246019787240480,streetview/edinburgh_dugald/1246019787240480.jpg
edinburgh_greyfriars,2026854387467094,streetview/edinburgh_greyfriars/2026854387467094.jpg
edinburgh_greyfriars,7699225470154293,streetview/edinburgh_greyfriars/7699225470154293.jpg
edinburgh_museum,730005887692629,streetview/edinburgh_museum/730005887692629.jpg
hanoi_botanic,1034940767034025,streetview/hanoi_botanic/1034940767034025.jpg
hanoi_college,1032004085228168,streetview/hanoi_college/1032004085228168.jpg
hanoi_well,1104374688335512,streetview/hanoi_well/1104374688335512.jpg
hanoi_well,1390432642176100,streetview/hanoi_well/1390432642176100.jpg
hongkong_fortress,484105032839269,streetview/hongkong_fortress/484105032839269.jpg
hongkong_sai,3051252728424529,streetview/hongkong_sai/3051252728424529.jpg
hongkong_statue,478301073396612,streetview/hongkong_statue/478301073396612.jpg
lima_alejandro,473324287286295,streetview/lima_alejandro/473324287286295.jpg
lima_equestrian,842041836690620,streetview/lima_equestrian/842041836690620.jpg
lima_estadio,127288426707682,streetview/lima_estadio/127288426707682.jpg
lisbon_cais,1791686157672160,streetview/lisbon_cais/1791686157672160.jpg
lisbon_edward,806328096958216,streetview/lisbon_edward/806328096958216.jpg
lisbon_martim,2856142347994065,streetview/lisbon_martim/2856142347994065.jpg
london_barbican,239277707973166,streetview/london_barbican/239277707973166.jpg
london_covent,2047973052781413,streetview/london_covent/2047973052781413.jpg
london_covent,293884165716884,streetview/london_covent/293884165716884.jpg
london_covent,604523014318423,streetview/london_covent/604523014318423.jpg
london_lambeth,142530148444305,streetview/london_lambeth/142530148444305.jpg
london_nottinghill,1034221207185640,streetview/london_nottinghill/1034221207185640.jpg
london_nottinghill,1381876649957562,streetview/london_nottinghill/1381876649957562.jpg
london_nottinghill,624022828867998,streetview/london_nottinghill/624022828867998.jpg
london_royal,1077474419441239,streetview/london_royal/1077474419441239.jpg
london_royal,270516208053057,streetview/london_royal/270516208053057.jpg
london_shoreditch,1316206542109445,streetview/london_shoreditch/1316206542109445.jpg
london_shoreditch,2851736618371866,streetview/london_shoreditch/2851736618371866.jpg
london_shoreditch,826862204585691,streetview/london_shoreditch/826862204585691.jpg
madrid_pacfico,2684562815277719,streetview/madrid_pacfico/2684562815277719.jpg
madrid_pera,1564752414619982,streetview/madrid_pera/1564752414619982.jpg
madrid_pera,615644910711441,streetview/madrid_pera/615644910711441.jpg
madrid_royal,472763443829899,streetview/madrid_royal/472763443829899.jpg
marrakech_cervantes,3985648311511085,streetview/marrakech_cervantes/3985648311511085.jpg
marrakech_place,4129797463739521,streetview/marrakech_place/4129797463739521.jpg
marrakech_royal,188085409831335,streetview/marrakech_royal/188085409831335.jpg
mexicocity_balderas,513623480074986,streetview/mexicocity_balderas/513623480074986.jpg
mexicocity_centro,122138176540482,streetview/mexicocity_centro/122138176540482.jpg
mexicocity_insurgentes,2420909831421445,streetview/mexicocity_insurgentes/2420909831421445.jpg
milan_milano,740287243313659,streetview/milan_milano/740287243313659.jpg
milan_museo,111050937715393,streetview/milan_museo/111050937715393.jpg
milan_santa,1090410228149463,streetview/milan_santa/1090410228149463.jpg
mumbai_bowen,1126921317814108,streetview/mumbai_bowen/1126921317814108.jpg
mumbai_bowen,780921181296620,streetview/mumbai_bowen/780921181296620.jpg
mumbai_girgaon,1049868982417886,streetview/mumbai_girgaon/1049868982417886.jpg
mumbai_mughal,826852638180821,streetview/mumbai_mughal/826852638180821.jpg
newyork_amsterdam,380111146499276,streetview/newyork_amsterdam/380111146499276.jpg
newyork_morgan,239175184633906,streetview/newyork_morgan/239175184633906.jpg
newyork_studio,121611859942675,streetview/newyork_studio/121611859942675.jpg
nyc_soho,1299604690434756,streetview/nyc_soho/1299604690434756.jpg
nyc_soho,461536428280752,streetview/nyc_soho/461536428280752.jpg
nyc_soho,772774250092967,streetview/nyc_soho/772774250092967.jpg
paris_bastille,139466058122767,streetview/paris_bastille/139466058122767.jpg
paris_bastille,1469157136857762,streetview/paris_bastille/1469157136857762.jpg
paris_bastille,2952005955046920,streetview/paris_bastille/2952005955046920.jpg
paris_bataclan,305970254588710,streetview/paris_bataclan/305970254588710.jpg
paris_canal,1023923568269784,streetview/paris_canal/1023923568269784.jpg
paris_canal,3001407836851183,streetview/paris_canal/3001407836851183.jpg
paris_canal,505764010862864,streetview/paris_canal/505764010862864.jpg
paris_cite,1216486339106603,streetview/paris_cite/1216486339106603.jpg
paris_cite,170493908323160,streetview/paris_cite/170493908323160.jpg
paris_cite,403023187346773,streetview/paris_cite/403023187346773.jpg
paris_gare,3360767610823943,streetview/paris_gare/3360767610823943.jpg
paris_marais,1759315017586456,streetview/paris_marais/1759315017586456.jpg
paris_marais,2563217207308101,streetview/paris_marais/2563217207308101.jpg
paris_marais,930262351158172,streetview/paris_marais/930262351158172.jpg
paris_montmartre,1106733303616259,streetview/paris_montmartre/1106733303616259.jpg
paris_montmartre,218887923379705,streetview/paris_montmartre/218887923379705.jpg
paris_montmartre,395369233492299,streetview/paris_montmartre/395369233492299.jpg
paris_pont,1507193596290469,streetview/paris_pont/1507193596290469.jpg
sanfrancisco_cartoon,1369582031123941,streetview/sanfrancisco_cartoon/1369582031123941.jpg
sanfrancisco_contemporary,1017722599492413,streetview/sanfrancisco_contemporary/1017722599492413.jpg
sanfrancisco_joseph,1239985766605212,streetview/sanfrancisco_joseph/1239985766605212.jpg
sanfrancisco_joseph,1567714271306208,streetview/sanfrancisco_joseph/1567714271306208.jpg
santiago_baslica,1314398186601230,streetview/santiago_baslica/1314398186601230.jpg
santiago_baslica,506893325703217,streetview/santiago_baslica/506893325703217.jpg
santiago_moneda,1384754382502755,streetview/santiago_moneda/1384754382502755.jpg
santiago_plaza,8421271167978129,streetview/santiago_plaza/8421271167978129.jpg
sf_hayes,1323559606037222,streetview/sf_hayes/1323559606037222.jpg
sf_hayes,1839500240315647,streetview/sf_hayes/1839500240315647.jpg
sf_hayes,618367926232370,streetview/sf_hayes/618367926232370.jpg
sf_mission,1875110242645334,streetview/sf_mission/1875110242645334.jpg
sf_mission,462036088202578,streetview/sf_mission/462036088202578.jpg
sf_mission,724663031544310,streetview/sf_mission/724663031544310.jpg
sf_northbeach,1080470022364146,streetview/sf_northbeach/1080470022364146.jpg
sf_northbeach,1186438301796102,streetview/sf_northbeach/1186438301796102.jpg
sf_northbeach,217757546446694,streetview/sf_northbeach/217757546446694.jpg
singapore_asian,483028582815745,streetview/singapore_asian/483028582815745.jpg
singapore_national,1172910350469866,streetview/singapore_national/1172910350469866.jpg
singapore_somerset,488815302365774,streetview/singapore_somerset/488815302365774.jpg
stockholm_grdet,882084572370597,streetview/stockholm_grdet/882084572370597.jpg
stockholm_karlaplan,779569449389002,streetview/stockholm_karlaplan/779569449389002.jpg
stockholm_st,842284246369672,streetview/stockholm_st/842284246369672.jpg
telaviv_dizengoff,3923503734413150,streetview/telaviv_dizengoff/3923503734413150.jpg
telaviv_habima,328468981955090,streetview/telaviv_habima/328468981955090.jpg
telaviv_nahum,3641710285933359,streetview/telaviv_nahum/3641710285933359.jpg
tokyo_artizon,226672248791862,streetview/tokyo_artizon/226672248791862.jpg
tokyo_ginza,235341308265360,streetview/tokyo_ginza/235341308265360.jpg
tokyo_national,1110364610210828,streetview/tokyo_national/1110364610210828.jpg
tokyo_shibuya,1058919448101518,streetview/tokyo_shibuya/1058919448101518.jpg
tokyo_shibuya,1082357509554620,streetview/tokyo_shibuya/1082357509554620.jpg
tokyo_shibuya,1183435175413354,streetview/tokyo_shibuya/1183435175413354.jpg
tokyo_shibuya,315897687388062,streetview/tokyo_shibuya/315897687388062.jpg
tokyo_shibuya,3218038145179960,streetview/tokyo_shibuya/3218038145179960.jpg
tokyo_shimokita,1001100857490121,streetview/tokyo_shimokita/1001100857490121.jpg
tokyo_shimokita,1004074026845811,streetview/tokyo_shimokita/1004074026845811.jpg
tokyo_shimokita,792948998016340,streetview/tokyo_shimokita/792948998016340.jpg
tokyo_yanaka,2680706958887071,streetview/tokyo_yanaka/2680706958887071.jpg
tokyo_yanaka,304127134573078,streetview/tokyo_yanaka/304127134573078.jpg
tokyo_yanaka,522221968792023,streetview/tokyo_yanaka/522221968792023.jpg
toronto_rosedale,140385058059418,streetview/toronto_rosedale/140385058059418.jpg
toronto_sherbourne,309461187311494,streetview/toronto_sherbourne/309461187311494.jpg
toronto_tmu,811654299784044,streetview/toronto_tmu/811654299784044.jpg
vienna_heldenplatz,744359329572059,streetview/vienna_heldenplatz/744359329572059.jpg
vienna_naschmarkt,1518581645467745,streetview/vienna_naschmarkt/1518581645467745.jpg
vienna_university,1043639560013632,streetview/vienna_university/1043639560013632.jpg
vienna_university,1055581876359490,streetview/vienna_university/1055581876359490.jpg
